<?xml version="1.0" encoding="UTF-8"?>
<?xml-stylesheet href="directory.css" type="text/css"?>
<!DOCTYPE directory SYSTEM "directory.dtd">
<directory name= "project">
    <directory name = "src/">
        <directory name= "main/">
            <directory name= "java/">
                <file name= "main.java" size= "2048"></file>
                <file name= "Util.java" size= "1024"></file>
            </directory>
        </directory>
        <directory name= "test/"></directory>
    </directory>
    <file name= "LICENSE.txt" size= "11358"></file>
    <file name= "pom.xml" size= "1024"></file>
    <file name= "readme.md" size= "512"></file>
</directory>